V1,V2,V3,V4,V5,V6,V7,V8,V9,V10,V11,V12,V13
36020.1015625,36166.184,36089.434,36139.35,35931.566,36160.21,35891.547,35928.46,35934.07,35944.363,35772.438,35921.023,35965.836
3580.1103515625,3580.3728,3559.332,3569.44,3560.141,3582.1348,3545.9146,3571.1238,3549.377,3557.626,3543.9011,3550.048,3571.7925
9678.72265625,9733.3545,9673.064,9660.865,9622.856,9652.849,9659.505,9661.269,9586.826,9640.636,9659.968,9623.096,9581.167
2228.80859375,2196.7485,2183.048,2205.289,2139.904,2184.8547,2174.8777,2200.4717,2228.2703,2239.4614,2170.5754,2233.953,2238.858
1399.7005615234375,1455.4775,1455.8357,1389.1947,1467.6301,1382.9784,1411.8076,1357.4945,1421.2202,1337.2583,1332.1749,1242.4073,1235.7573
486.15765380859375,489.35962,485.44055,485.5779,461.2713,497.90814,485.62418,490.63333,481.3092,494.18536,498.72906,491.52563,551.88196
3252.735595703125,3221.9824,3247.6387,3138.663,3187.6526,2971.4087,3266.522,3081.6519,3037.0662,2982.2498,2998.3687,2972.9204,2932.871
3163.52001953125,2859.1992,3076.9226,3017.612,3135.3594,2758.8394,3080.9453,2846.3438,2999.6467,2773.0735,2925.852,2889.422,2786.2954
7707.5693359375,7433.164,7504.4756,7545.3213,7526.7046,7076.7666,7491.512,7365.3457,7376.9287,7140.366,7208.176,7377.4565,7098.203
5158.75341796875,5151.7373,5171.695,5187.119,5180.8613,5155.5713,5177.5127,5209.27,5123.5537,5090.786,5138.148,5177.1333,5133.6836
355.4114685058594,337.04626,335.91577,333.5002,336.60263,324.32706,326.1955,331.92734,327.10104,346.63525,330.84045,329.71304,358.06372
1032.5208740234375,1039.3032,1040.2323,1048.5194,1041.9983,1043.5831,1030.2517,1035.6592,1034.7572,1034.3096,1028.4333,1033.6044,1032.4623
2489.751220703125,2441.5874,2453.3835,2465.4968,2444.9614,2404.4375,2476.5645,2452.9329,2462.3477,2398.887,2418.159,2482.315,2414.1638
2458.068603515625,2437.932,2442.5347,2456.3162,2436.4353,2397.2104,2454.948,2449.4143,2422.1895,2382.6533,2404.047,2459.5425,2387.0125
5274.37890625,5117.075,5161.5225,5253.8296,5178.668,4811.4517,5255.6245,5261.081,5044.6494,4783.0444,4863.792,5295.882,4872.048
5274.37890625,5117.075,5161.5225,5253.8296,5178.668,4811.4517,5255.6245,5261.081,5044.6494,4783.0444,4863.792,5295.882,4872.048
12076.95703125,12085.127,12094.156,12106.835,12100.931,12097.833,12100.285,12156.605,12085.764,12060.85,12096.936,12134.04,12086.628
4346.1318359375,4307.004,4338.3994,4312.974,4307.87,4284.001,4325.5757,4312.4014,4333.0386,4316.8237,4304.2056,4289.633,4326.033
2611.853759765625,2674.013,2657.0725,2703.0557,2671.9397,2504.3816,2759.3892,2621.6719,2619.0186,2622.3599,2611.413,2626.76,2645.624
4036.20556640625,4151.209,4041.2788,4091.461,4164.0854,4045.295,4108.9644,4069.536,4071.1064,4062.8975,4068.3354,3993.81,4034.4343
1873.894775390625,1917.8589,1940.701,1885.5583,1858.9875,1853.8107,1935.7417,1747.6578,1897.0952,1878.872,1835.5026,1728.5012,1772.745
3972.656982421875,3665.9502,3885.7864,3873.365,3647.2302,3690.7217,3975.3433,3976.6846,4045.8872,3682.8115,3798.4946,3889.3806,3749.2114
748.8726806640625,771.8927,775.407,759.3866,751.7304,754.5475,757.3135,767.52765,765.38776,760.68945,766.13403,760.5418,749.0382
6955.57421875,7071.4736,6981.189,7107.109,7066.3564,6708.6313,7415.132,7092.117,7007.4717,6683.404,6847.8877,6976.7407,6885.6187
1293.7186279296875,1258.5037,1260.2606,1241.476,1280.3237,1179.7021,1286.4362,1233.7749,1252.1672,1185.3898,1207.3536,1252.1549,1203.8865
2688.365478515625,2755.2527,2713.3833,2660.9805,2658.2354,2694.1274,2658.146,2677.5957,2744.455,2727.837,2700.4424,2642.224,2585.4658
1870.4046630859375,1918.1356,1927.2039,1796.6553,1798.7155,1732.4374,1901.6006,1734.6035,1800.5841,1780.8973,1896.4569,1815.0089,2089.5125
5044.0,5129.287,4951.833,5015.8975,4971.0166,3947.5051,5486.578,5135.077,4678.869,4605.179,4534.966,4963.6455,4564.201
722.02099609375,699.0009,679.17535,723.0859,685.6362,693.1734,717.57697,741.72687,710.71826,696.61096,712.30554,727.655,735.6229
3579.521728515625,3505.4297,3612.8284,3517.4978,3461.6177,3560.7346,3652.1936,3714.2598,3710.0466,3454.4321,3703.6768,3539.7114,3500.163
987.5571899414062,949.4922,952.10364,956.7587,975.26337,858.29193,953.1909,922.006,984.6339,869.84344,886.064,932.6211,912.29156
4186.3046875,4126.186,4281.4365,4084.9578,4296.38,3961.3337,4325.365,4291.8374,4210.176,3955.6663,4214.141,4210.9316,3908.6206
1431.8963623046875,1468.9949,1490.6267,1483.7559,1512.1753,1411.2012,1450.1345,1411.2256,1402.6764,1444.2865,1420.7684,1390.7799,1433.3363
1311.36669921875,1247.9637,1291.5605,1251.5319,1288.9504,1185.8899,1270.3562,1233.7264,1262.1116,1202.96,1220.0469,1237.5775,1223.1389
1156.7257080078125,1128.8594,1131.0779,1109.4124,1128.9009,1049.3505,1111.0159,1024.1531,1092.2017,1106.1356,1065.0917,1092.0148,1093.023
15655.4140625,15406.985,16420.662,16565.71,17119.312,15742.625,16098.134,15136.547,16011.406,15095.825,14968.034,15397.493,16407.72
2914.22509765625,2902.4712,2897.671,2910.3918,2902.1724,2895.9197,2891.3843,2901.5068,2893.7498,2873.6143,2883.9355,2889.0254,2877.6943
3092.9873046875,3098.6455,3081.7803,3094.2058,3066.8125,3091.9482,3077.1282,3104.718,3092.8848,3086.2285,3098.205,3097.078,3091.4026
5853.38720703125,5833.546,5849.9116,5845.3857,5850.579,5800.8555,5843.8413,5812.0244,5792.155,5775.473,5802.8843,5790.282,5774.0786
5849.31884765625,5829.123,5845.964,5841.013,5846.501,5796.6235,5840.2344,5807.852,5787.9443,5770.8623,5799.249,5786.8906,5770.4067
6171.54833984375,6182.4863,6192.0083,6178.7495,6165.3555,6184.56,6185.3,6189.7256,6181.196,6197.7925,6194.1216,6199.1284,6191.2217
6182.908203125,6193.6196,6201.9355,6189.966,6176.2104,6194.789,6195.161,6199.005,6190.7354,6208.7476,6201.933,6207.508,6201.1914
6177.17724609375,6188.038,6196.9487,6184.338,6170.7847,6189.6514,6190.21,6194.326,6185.965,6203.293,6198.033,6203.307,6196.235
5845.29248046875,5824.7354,5842.058,5836.672,5842.463,5792.4136,5836.649,5803.7124,5783.748,5766.271,5795.622,5783.522,5766.7456
2941.2294921875,2927.9,2932.6504,2940.1897,2895.7666,2930.3604,2924.7349,2906.0293,2923.8096,2935.2498,2910.4863,2929.4395,2930.5188
3272.777099609375,3291.0073,3299.0103,3284.5352,3308.449,3290.625,3285.7407,3273.12,3274.8982,3241.305,3264.5352,3253.2366,3250.8047
2939.638671875,2926.6968,2931.3672,2939.0723,2894.6743,2929.2244,2923.4385,2904.6604,2922.4856,2934.0015,2909.1343,2928.212,2929.1602
3029.475341796875,2997.695,3011.9468,3027.0237,2993.663,3005.352,3011.6704,3016.125,2974.5923,2953.607,2978.402,2978.5574,2966.7415
3256.6923828125,3242.16,3250.4292,3255.9575,3221.153,3246.8684,3241.1162,3206.9795,3233.688,3249.4956,3216.5386,3234.4343,3245.0981
3258.53466796875,3243.5251,3251.9778,3257.2825,3222.485,3248.2178,3242.6123,3208.499,3235.2432,3251.0068,3218.0972,3235.8118,3246.671
6627.6845703125,6609.845,6621.872,6624.869,6627.3667,6611.0337,6651.718,6654.7666,6605.6494,6571.4233,6620.902,6615.871,6616.4673
7050.4951171875,7059.699,7074.83,7080.3315,7043.8867,7072.8896,7072.791,7111.932,7082.429,7043.621,7098.17,7071.17,7085.7876
1908.8004150390625,1868.0985,1897.0576,1861.5945,1917.8798,1850.1688,1891.7941,1853.7211,1815.4613,1785.8124,1838.6077,1813.9541,1829.0836
2496.395751953125,2498.5762,2492.8828,2493.889,2485.5793,2493.1929,2496.972,2493.4185,2493.8533,2497.157,2489.3804,2498.8691,2498.3018
5086.01171875,5083.1797,5079.9277,5110.9404,5071.7104,4987.0977,5017.4893,5086.293,5078.2505,4946.6577,4940.9165,5053.5625,4886.3716
3020.217041015625,2942.2727,2985.9456,2915.1147,2976.9656,2760.0598,2996.4478,2864.685,2738.121,2769.285,2853.982,2738.3013,2776.37
2206.69384765625,2176.267,2169.665,2164.2446,2152.1277,2205.8623,2165.943,2233.4106,2164.1455,2170.5105,2178.3513,2210.7788,2191.2559
3309.4658203125,3350.0386,3377.548,3377.6545,3298.472,3355.0342,3285.8557,3314.3264,3342.742,3376.801,3285.0898,3299.3184,3340.7202
2446.2568359375,2274.9504,2336.4185,2168.1787,2328.059,2048.7598,2348.0942,2044.3402,2214.3184,2280.6863,2214.7065,2011.6052,2240.9976
9032.68359375,9039.553,9034.581,9048.279,9041.494,9032.542,9051.558,9057.489,9026.23,9035.511,9054.816,9058.168,9045.89
10826.4580078125,10742.802,11007.387,10902.945,10811.2295,10727.369,10922.682,10830.553,10492.794,10318.249,10486.793,10746.475,10462.109
7171.95947265625,7135.187,7139.8184,7138.226,7138.9976,7097.009,7158.489,7116.2695,7148.763,7163.912,7156.743,7150.73,7160.109
6071.197265625,6037.542,6090.9443,6051.939,5993.0605,6042.2666,6086.8804,6083.215,6058.0596,6058.552,6050.156,6100.1587,6016.598
13546.6142578125,13312.674,13735.858,13587.684,13796.032,13393.986,13817.448,13304.278,13686.293,13374.525,13172.0,13432.804,13700.92
18985.5625,18705.19,19203.951,19030.129,19275.781,18777.896,19309.697,18695.756,19147.807,18776.082,18525.604,18850.537,19154.252
7397.806640625,7445.3115,7390.647,7381.145,7345.714,7369.742,7379.692,7383.7637,7305.979,7353.726,7373.2783,7341.268,7297.1616
13379.064453125,13351.359,13379.409,13346.32,13368.238,13243.43,13439.344,13393.813,13315.671,13335.275,13332.037,13337.677,13363.434
6914.8583984375,6917.6284,6924.8086,6934.187,6889.2246,6918.7183,6886.6377,6889.9917,6902.0464,6918.054,6878.666,6884.8657,6915.1445
6915.7177734375,6915.0874,6919.65,6922.1006,6895.1016,6913.4395,6896.213,6895.407,6905.1733,6909.7383,6881.867,6885.3105,6915.922
2605.871826171875,2606.501,2607.6946,2609.8345,2606.2625,2607.464,2605.2402,2601.2932,2604.7979,2606.8872,2602.3608,2604.7283,2610.7146
1932.9573974609375,1964.7511,1946.686,1987.7112,1919.6094,1940.7306,1919.8213,1949.9163,1950.2301,1923.8566,1869.8093,1904.1035,1899.959
1932.9486083984375,1964.7886,1946.6995,1987.7295,1919.6451,1940.7417,1919.8228,1949.959,1950.2396,1923.8418,1869.8384,1904.1174,1899.9409
1932.9573974609375,1964.7511,1946.686,1987.7112,1919.6094,1940.7306,1919.8213,1949.9163,1950.2301,1923.8566,1869.8093,1904.1035,1899.959
5447.09521484375,5150.1216,5185.831,5323.915,5203.5083,4881.6406,5416.617,5331.5674,5318.5,4826.6943,4939.9697,5440.171,4974.8203
24056.24609375,24054.18,23842.812,23978.588,23994.275,24202.006,23864.906,24226.434,23946.316,24109.951,24027.469,24093.469,23991.955
485.2194519042969,544.32294,515.28827,523.85486,451.25742,540.7739,450.03482,465.3689,485.5102,539.7018,487.3579,488.93945,495.6866
4221.328125,4101.384,4119.681,4094.519,4012.2341,3946.7744,4114.3696,4006.0122,4047.3403,3915.5803,3999.2986,4150.8306,3904.7842
4047.0146484375,4008.7046,3992.6882,3974.0647,3856.5315,3884.4158,3995.1548,3996.3381,3900.874,3812.2007,3924.7043,3992.8733,3698.6392
1386.1513671875,1356.031,1378.2078,1328.4445,1263.6128,1247.9286,1233.9949,1295.2711,1285.8977,1186.4897,1233.8788,1245.0339,1180.6517
1495.323486328125,1461.537,1451.2499,1425.4131,1371.9951,1332.9006,1312.7592,1338.0762,1336.5162,1303.1606,1313.9401,1307.7739,1264.1482
24382.05078125,24500.715,24352.002,24448.932,24358.709,24519.754,24419.53,24620.602,24510.13,24622.357,24662.094,24640.072,24482.213
4425.2587890625,4426.1074,4423.8906,4420.916,4420.8506,4420.851,4422.736,4421.4883,4421.899,4424.921,4424.4165,4422.6646,4422.5044
6182.7978515625,6041.58,6133.161,6035.9233,6093.3228,5917.1914,6083.0522,6039.6997,5924.553,5917.753,6025.086,5910.4053,5946.717
6187.302734375,6045.214,6126.598,6042.378,6077.354,5936.578,6081.727,6051.056,5927.619,5916.688,6024.3623,5905.184,5936.2173
17400.30078125,17365.648,17401.086,17413.975,17401.273,17357.652,17441.994,17535.256,17376.006,17347.19,17385.725,17455.555,17358.248
17391.33984375,17356.074,17402.512,17414.393,17398.303,17358.059,17437.646,17536.566,17379.25,17351.0,17382.195,17466.904,17364.285
1086.7337646484375,1086.8691,1085.7463,1084.9645,1084.9088,1085.278,1084.7585,1085.0526,1084.1241,1085.8137,1085.9001,1084.5144,1083.485
12040.701171875,12011.785,12014.782,12028.358,12063.893,12002.305,12045.562,12050.398,12034.784,12024.252,12007.067,12034.84,12032.664
1210.3016357421875,1227.0929,1224.6261,1226.1244,1209.8875,1214.7418,1215.0112,1204.7317,1198.739,1203.692,1203.666,1207.0162,1201.0966
1856.3966064453125,1858.5549,1868.8866,1865.3328,1867.1985,1853.3566,1860.989,1856.5549,1849.6752,1849.2665,1847.7069,1856.2345,1855.0122
19770.841796875,19815.701,19906.854,19885.475,19870.912,19749.176,19816.041,19773.691,19697.777,19697.883,19684.277,19776.816,19747.076
23070.974609375,23147.21,22880.025,23020.975,22777.445,23038.691,22628.822,22987.002,22739.92,22791.107,22726.65,22702.072,22637.848
1742.7802734375,1738.5842,1738.3007,1737.5614,1743.3206,1734.2888,1739.0104,1740.219,1735.5742,1734.767,1738.252,1735.9398,1736.2404
1813.2320556640625,1819.8076,1834.49,1818.8795,1824.144,1800.2106,1817.3264,1808.57,1797.6145,1776.3187,1797.1329,1802.3987,1775.9658
1647.836669921875,1632.5826,1657.1028,1647.589,1648.2012,1594.396,1646.9722,1620.7593,1609.0502,1566.8257,1604.0137,1620.4006,1577.08
11306.7841796875,11297.275,11257.933,11256.856,11279.716,11274.411,11265.602,11300.888,11257.113,11264.804,11276.97,11253.903,11240.546
464.8143615722656,481.20932,475.22577,485.83026,463.6399,479.19482,468.06232,463.6539,460.79767,460.4381,454.2678,468.01663,457.86575
601.642578125,615.37823,610.7215,621.6593,598.8019,613.64,603.02026,600.0674,594.87756,594.9218,588.266,604.3294,593.70197
15085.6240234375,15208.314,15145.616,15130.618,14997.735,15186.967,15015.079,15089.2705,15110.661,15206.357,15058.024,15027.646,15126.658
11374.5908203125,11387.754,11335.586,11318.434,11328.248,11369.712,11328.401,11352.937,11343.964,11376.032,11377.695,11351.157,11322.816
9807.2685546875,9779.323,9759.889,9756.057,9781.092,9749.927,9764.452,9779.747,9726.912,9728.076,9750.249,9712.377,9700.975
15943.9560546875,15868.477,15934.471,15893.66,15972.553,15820.913,15937.872,15841.866,15871.619,15834.958,15801.733,15851.6875,15878.764
4065.715087890625,4027.3762,4002.0315,4023.4155,4079.1707,4038.1462,4009.821,4067.0896,4032.3206,4013.4587,4032.1526,4027.376,3998.3267
1034.1611328125,1036.9648,1032.8448,1033.2101,1027.0498,1034.3751,1024.2319,1032.6228,1030.1918,1038.746,1030.9403,1026.6338,1037.1685
9196.4228515625,9183.013,9179.038,9177.576,9197.057,9158.133,9189.191,9184.015,9166.511,9172.238,9175.704,9170.704,9170.449
2156.194580078125,2152.6995,2151.9138,2151.5083,2156.978,2149.5923,2152.7446,2154.469,2150.6829,2150.2236,2152.9355,2150.9338,2151.2424
24011.578125,23895.36,23974.902,23942.318,23978.129,23816.926,23958.822,23890.885,23847.664,23743.246,23852.496,23816.71,23803.527
15979.65234375,15956.141,15919.678,15929.467,15937.943,15947.666,15916.704,15974.59,15916.913,15923.537,15934.625,15913.969,15903.986
14216.92578125,14193.778,14157.234,14165.606,14176.917,14185.962,14152.225,14206.648,14157.88,14163.507,14170.485,14151.9375,14144.086
7363.4541015625,7321.153,7342.8013,7329.322,7332.8174,7278.7354,7336.2236,7317.984,7297.095,7260.6787,7300.3687,7280.185,7273.8545
1072.1602783203125,1072.4119,1071.379,1070.5441,1070.4159,1070.8689,1070.4006,1070.5426,1069.8046,1071.4531,1071.6083,1070.2686,1069.2023
9529.005859375,9503.732,9511.015,9513.143,9543.561,9497.434,9530.829,9538.146,9518.444,9507.125,9499.601,9515.792,9511.685
740.5255126953125,735.8221,745.267,739.5576,721.0039,729.8108,740.9457,734.78174,737.34296,738.7587,733.77155,737.95886,731.1243
10630.7578125,10596.715,10630.4,10623.124,10652.109,10559.663,10654.145,10685.238,10646.448,10569.235,10589.99,10687.019,10600.047
11363.458984375,11324.563,11369.392,11354.305,11375.762,11285.926,11392.566,11414.995,11385.119,11304.172,11324.779,11422.131,11328.968
14537.1494140625,14494.192,14240.995,14159.693,14190.129,14281.324,14137.774,14380.707,14188.631,14236.01,14245.856,14064.726,13978.438
7111.46484375,7072.4517,7100.5205,7090.4937,7096.017,7059.3047,7110.85,7108.392,7075.737,7061.896,7081.4263,7084.0405,7075.887
1742.105224609375,1737.8308,1737.605,1736.8441,1742.6207,1733.517,1738.2703,1739.4214,1734.78,1733.9772,1737.4746,1735.1141,1735.477
1022.8189086914062,1035.3069,1044.7913,1037.4048,1038.6746,1025.5519,1033.5304,1025.111,1012.964,1005.2582,1018.65857,1019.44073,1003.63696
892.60791015625,881.4492,901.28455,892.916,892.62244,853.18567,890.4886,871.2198,858.6943,828.95776,861.78143,867.06586,836.8183
10377.767578125,10358.867,10330.733,10332.432,10354.796,10331.586,10343.1875,10364.822,10312.798,10316.379,10331.616,10309.366,10293.198
369.27899169921875,364.00427,371.42822,367.1216,352.7025,361.62448,372.33496,366.32635,364.77557,364.83807,361.9461,368.84592,360.52658
480.09893798828125,475.93552,483.06973,478.50867,465.01495,472.7585,483.1167,477.0221,476.20367,475.88867,472.76468,479.9046,469.8827
8510.556640625,8498.879,8509.555,8456.018,8463.082,8493.349,8487.664,8500.664,8504.397,8524.291,8489.39,8495.238,8483.212
10836.3779296875,10848.357,10792.601,10774.932,10804.63,10829.668,10807.016,10829.075,10802.899,10823.142,10836.74,10803.659,10777.41
9527.87109375,9505.673,9482.939,9482.925,9507.043,9477.89,9490.816,9507.43,9456.563,9455.776,9474.905,9447.035,9431.804
11076.302734375,11009.434,11050.639,11057.126,11108.957,10973.752,11099.034,11060.011,11056.108,10987.097,10955.277,11085.607,11049.929
3570.0595703125,3533.759,3505.9478,3514.9236,3582.3433,3530.435,3511.6133,3558.236,3533.3928,3507.1262,3537.9368,3522.16,3499.6448
1013.6512451171875,1017.6006,1013.5106,1014.5222,1007.53467,1015.7766,1004.4004,1013.1204,1010.99915,1018.6448,1011.1146,1006.5577,1016.5134
8184.7109375,8175.1577,8172.214,8170.183,8187.9585,8152.4463,8181.296,8172.348,8158.1636,8162.5303,8165.887,8163.272,8162.5483
2155.134765625,2151.566,2150.8345,2150.4104,2155.8972,2148.4385,2151.6233,2153.2898,2149.5088,2149.0535,2151.7732,2149.7285,2150.0986
22705.802734375,22599.793,22672.082,22647.582,22680.441,22530.111,22658.328,22590.547,22558.678,22461.602,22555.918,22530.697,22518.184
13850.134765625,13827.491,13802.553,13807.2705,13832.038,13802.098,13818.512,13846.13,13787.532,13790.149,13804.748,13784.78,13767.782
12090.1513671875,12066.874,12041.41,12044.529,12070.561,12043.246,12054.793,12081.097,12028.042,12030.82,12044.155,12022.137,12006.961
6202.9140625,6169.2583,6180.951,6171.03,6179.061,6129.4907,6178.45,6162.514,6155.971,6121.3965,6144.601,6142.663,6130.7676
6463.4072265625,6394.6826,6452.4985,6414.5547,6393.6978,6331.5767,6432.918,6413.3774,6339.254,6340.1216,6386.9873,6363.1113,6322.1587
7058.3896484375,7041.985,7045.2856,7050.529,7067.151,7032.5596,7060.3525,7061.0547,7049.2085,7036.1953,7032.337,7048.8403,7040.133
365.52691650390625,362.27,370.03955,365.34378,345.28122,356.4289,364.55014,359.23904,362.5524,364.34586,358.88193,361.95963,353.26846
7991.90478515625,7953.566,7977.8696,7982.2993,8023.3413,7901.9624,7998.1787,8000.787,7958.192,7889.916,7909.3447,7994.6665,7915.021
8352.2568359375,8314.382,8344.892,8343.004,8374.451,8260.015,8362.485,8359.185,8324.665,8256.698,8274.516,8359.408,8276.105
10960.30078125,10930.772,10771.003,10697.482,10719.28,10774.936,10631.406,10828.326,10727.621,10743.324,10715.222,10564.498,10468.053
5451.68212890625,5418.6206,5439.9683,5431.053,5434.8735,5404.932,5447.654,5446.029,5415.9497,5408.6997,5426.0034,5424.161,5417.8613
11342.375,11315.654,11312.257,11307.024,11341.37,11287.561,11311.33,11321.833,11293.642,11294.542,11318.176,11295.525,11299.348
998.5481567382812,1011.035,1020.4922,1013.29254,1013.96436,1001.14014,1008.8566,1000.66254,988.5202,981.16815,994.2256,995.118,979.3375
8727.8037109375,8615.906,8811.897,8730.326,8724.025,8334.32,8704.457,8513.135,8388.396,8093.243,8422.25,8471.549,8170.221
6716.22119140625,6706.7095,6681.249,6682.543,6699.586,6687.674,6690.579,6708.165,6677.1187,6681.891,6687.3164,6672.3335,6660.6943
130.78082275390625,125.29079,130.61226,129.97325,131.1179,125.863556,135.07321,131.41414,131.80928,127.686195,127.18178,134.06209,130.90439
233.62867736816406,228.4404,234.21536,232.41508,234.90735,227.81117,237.25633,232.89267,234.00269,230.02748,229.3705,236.29626,232.73238
4448.97802734375,4443.3076,4447.575,4399.8086,4391.761,4432.848,4419.6597,4429.7095,4440.1167,4468.2153,4422.376,4425.004,4423.5566
8023.2041015625,8039.1055,7982.972,7967.3037,8003.88,8012.94,7995.918,8016.713,8000.4937,8018.8887,8035.1978,8004.192,7982.4795
6274.09375,6259.87,6240.6113,6240.728,6258.8276,6239.8096,6245.7866,6258.5347,6225.602,6226.0186,6236.349,6215.829,6204.4673
8557.1337890625,8514.513,8517.069,8542.392,8576.517,8457.443,8579.526,8554.47,8529.169,8457.465,8454.609,8577.489,8514.96
2903.517822265625,2874.7324,2845.5752,2855.1003,2921.3713,2871.1448,2852.395,2888.7683,2878.356,2852.0703,2876.1702,2860.55,2846.065
8682.0146484375,8709.905,8669.751,8684.568,8619.475,8689.975,8583.047,8662.148,8642.805,8718.111,8638.521,8599.508,8690.556
4609.857421875,4588.4478,4601.861,4593.244,4608.142,4558.1816,4603.816,4573.7085,4566.7383,4563.1353,4574.8477,4567.6514,4567.962
5463.97705078125,5454.47,5456.6504,5451.114,5469.616,5434.4463,5461.069,5442.683,5441.4033,5445.47,5444.536,5441.654,5443.7905
1427.345703125,1425.4419,1424.5591,1424.5237,1427.5116,1424.009,1424.6971,1426.2063,1424.3597,1424.8914,1426.2218,1424.4083,1424.7058
16641.900390625,16523.38,16610.078,16577.756,16608.219,16443.656,16596.498,16511.68,16476.613,16376.137,16481.47,16450.72,16438.475
9236.00390625,9222.139,9197.985,9203.589,9221.201,9204.36,9209.564,9231.262,9192.501,9196.099,9201.959,9188.221,9174.141
8019.05517578125,8003.4165,7980.556,7983.2466,8003.7153,7986.363,7989.2383,8008.7476,7975.371,7978.811,7983.571,7966.4775,7955.241
12155.7802734375,12079.984,12148.85,12122.046,12148.54,12038.708,12136.308,12077.593,12055.246,11986.341,12055.667,12045.095,12030.823
4485.6064453125,4442.9316,4461.9077,4452.187,4456.264,4401.8955,4458.273,4435.226,4421.6724,4390.509,4421.1533,4404.5923,4402.2905
3788.5439453125,3788.136,3781.4126,3780.28,3782.4968,3780.9368,3781.3103,3785.646,3775.8223,3780.1064,3782.9927,3777.1965,3774.0833
24692.16015625,24568.367,24586.193,24580.727,24681.736,24599.213,24660.94,24766.352,24648.086,24605.586,24607.756,24654.236,24629.865
3772.636474609375,3745.7659,3765.4126,3735.0227,3754.2085,3723.8809,3763.6853,3749.2202,3760.0757,3751.559,3748.1035,3751.1646,3757.4028
2615.576416015625,2608.2576,2637.083,2612.3254,2614.5166,2621.0142,2632.5437,2632.228,2646.5266,2633.987,2638.212,2647.399,2639.1826
2989.478515625,2981.7708,3011.6226,2984.764,2990.6377,2992.1555,3007.3364,3004.505,3021.7822,3006.8945,3012.2458,3019.9373,3013.9238
3586.817138671875,3599.655,3517.1057,3493.924,3511.8525,3509.0369,3515.6094,3558.2703,3454.2842,3502.0806,3547.8647,3477.3157,3471.9443
1659.9996337890625,1653.2627,1660.6372,1659.4352,1660.9344,1654.1863,1663.482,1662.6106,1659.7325,1653.4104,1655.5837,1660.5408,1658.0714
3609.730712890625,3595.166,3608.636,3606.4023,3609.0317,3589.183,3611.8972,3607.8518,3597.5933,3584.9888,3594.6543,3599.1045,3593.9531
6075.51708984375,6059.0938,6062.2676,6060.3804,6082.063,6045.7427,6070.4385,6068.629,6052.25,6042.287,6053.6396,6053.2017,6051.4854
3662.022705078125,3653.96,3651.1777,3650.187,3657.006,3644.6873,3653.9817,3656.6106,3638.713,3637.0625,3646.2095,3638.1016,3635.1248
3333.080078125,3387.3489,3388.675,3460.7578,3408.6184,3406.0789,3358.477,3336.1394,3300.527,3342.6665,3359.6963,3434.8809,3415.6787
2820.839599609375,2815.1963,2818.2273,2814.447,2811.393,2816.395,2816.839,2822.331,2808.7651,2809.1858,2808.968,2811.8596,2802.1484
3253.926025390625,3246.4565,3243.1,3242.3735,3248.7195,3237.843,3245.7935,3248.7878,3231.8564,3230.3755,3238.934,3231.2664,3228.1077
2507.246826171875,2479.2551,2502.1428,2499.0205,2510.0479,2501.5408,2511.4333,2511.4465,2511.2703,2493.7607,2484.8762,2507.7336,2506.2322
6640.328125,6618.95,6611.172,6615.2266,6604.6655,6612.469,6623.6216,6693.067,6566.9478,6534.0513,6602.284,6609.771,6547.552
1455.048095703125,1465.1465,1466.3109,1460.9377,1459.9136,1465.7048,1462.2,1472.1439,1470.0383,1465.4547,1472.6614,1466.299,1474.2173
2717.11083984375,2717.3193,2714.687,2716.5408,2717.2385,2715.7954,2719.8955,2728.3489,2716.5874,2715.4077,2720.764,2721.5051,2716.8516
7272.98388671875,7254.548,7259.2886,7257.01,7278.8184,7240.8096,7267.7744,7266.119,7248.5527,7237.1157,7249.874,7249.5986,7247.294
8792.37109375,8795.974,8790.097,8796.775,8793.559,8797.343,8786.438,8800.521,8792.919,8793.736,8795.422,8786.129,8791.029
1350.721435546875,1339.4551,1342.2314,1346.8705,1347.337,1326.2577,1350.9338,1347.643,1338.1838,1327.1886,1330.2415,1346.4031,1328.8883
6085.60205078125,6089.287,6084.0444,6093.159,6084.576,6088.628,6075.4683,6087.5576,6083.2485,6083.7,6078.4507,6073.0854,6079.3936
4615.794921875,4606.591,4606.5303,4604.8643,4610.6064,4597.408,4609.912,4614.9097,4595.7363,4594.8257,4603.3105,4596.5464,4594.1475
4072.140380859375,4064.733,4062.838,4062.0593,4067.088,4056.816,4066.4937,4072.039,4053.8936,4053.5166,4061.2207,4055.1162,4052.7434
1743.8172607421875,1745.4286,1742.9651,1747.4685,1742.7075,1741.0912,1738.8927,1746.4076,1742.0596,1736.984,1737.7788,1738.8,1739.4666
931.97802734375,937.76385,931.1906,937.17114,926.9079,940.46515,921.5088,928.8946,929.16425,937.29193,924.417,921.1538,932.08795
2270.425537109375,2269.4785,2241.3164,2251.4648,2257.707,2251.6946,2207.8762,2247.9937,2241.4304,2258.8687,2230.541,2215.7148,2239.9912
1992.9376220703125,1981.7029,2004.3024,2023.1918,2018.7898,2002.2559,1991.0388,1990.6757,1986.8965,1973.959,1977.835,1971.917,1999.108
450.9344787597656,453.6868,451.7165,454.4448,449.49802,454.84836,448.38037,448.65884,449.1618,453.27432,445.34546,446.26984,451.2184
6646.53759765625,6591.9756,6615.18,6644.623,6546.753,6594.2427,6540.8677,6609.224,6552.087,6528.0605,6517.635,6491.044,6560.9727
1191.1865234375,1178.678,1163.9894,1167.3351,1182.2012,1168.6274,1146.3906,1162.8069,1162.2651,1168.7693,1162.1559,1148.1152,1165.5769
5875.66455078125,5875.307,5855.3965,5874.764,5848.5137,5819.8906,5831.5874,5869.0703,5865.942,5857.7217,5819.228,5859.309,5869.143
492.0725402832031,500.76764,490.69992,495.35852,489.00238,498.02377,478.13553,492.0724,489.3712,495.29993,483.94754,479.026,481.90817
976.120849609375,991.10425,973.9303,983.1575,954.0073,999.71204,958.91516,955.4567,968.09937,986.49603,961.11755,961.011,982.68585
9740.8662109375,9975.332,9829.64,9819.979,9426.473,9985.695,9475.09,9685.839,9745.654,10002.038,9651.248,9536.61,9712.401
3420.481201171875,3468.804,3413.2207,3414.78,3345.1433,3430.295,3325.093,3380.579,3391.2515,3460.9905,3372.1045,3343.8074,3420.5452
2389.192138671875,2377.349,2399.7988,2426.4102,2404.976,2412.5603,2387.0027,2387.6836,2379.6394,2383.376,2379.848,2376.963,2416.1128
798.7337646484375,783.6739,768.1581,778.4965,800.0343,793.49524,782.8879,782.37506,781.2416,781.692,780.07935,787.6338,776.79785
1676.882080078125,1776.3334,1667.4894,1732.9852,1730.5942,1778.8467,1668.0892,1752.5684,1718.1567,1653.9786,1613.9375,1619.3024,1585.5596
1950.821044921875,1993.4226,1959.6096,1966.2922,1898.1143,2001.5916,1905.9412,1924.008,1946.2927,1991.3337,1929.9617,1913.0771,1954.6218
4222.2607421875,4266.7856,4203.37,4221.9844,4159.6416,4253.854,4119.8506,4171.5527,4187.3535,4259.832,4165.9277,4128.912,4206.508
5643.6640625,5684.044,5638.849,5641.3994,5535.744,5734.823,5543.9214,5672.9004,5611.7944,5696.3467,5517.132,5578.366,5578.388
7349.1025390625,7334.8394,7346.321,7349.6035,7336.7676,7316.143,7349.4644,7361.5513,7325.9917,7301.4575,7334.5356,7340.019,7307.982
13027.623046875,12887.826,12966.844,12998.304,12875.392,12624.165,13046.986,13037.514,12641.259,12580.013,12783.424,12846.054,12596.225
1082.9266357421875,1063.5166,1060.029,1066.2578,1055.8997,1028.3689,1079.7485,1100.1283,1017.96423,1029.0017,1031.9537,1015.45935,992.5475
11393.0810546875,11001.629,11057.705,11255.463,11240.043,10868.665,11128.697,11110.724,10803.838,10495.063,10849.413,10767.6,10637.547
26398.05859375,26106.107,27158.508,27353.346,27789.85,26365.748,26896.994,25862.35,26714.068,25619.568,25596.191,25999.0,26918.488
4174.73046875,4196.7686,4201.9155,4227.149,4199.8667,4225.624,4220.3667,4268.709,4219.0107,4213.538,4217.498,4259.6064,4220.318
8266.2685546875,8195.449,8246.967,8233.226,8229.64,8087.472,8306.54,8346.205,8124.7236,8130.2285,8217.417,8277.332,8123.7783
19411.2421875,19117.797,19325.086,19289.178,19344.193,18840.129,19360.303,19248.834,18979.002,18732.744,19023.078,19029.62,18892.145
5458.099609375,5465.785,5467.1147,5486.558,5490.166,5472.8145,5479.8926,5494.3203,5435.0903,5433.218,5451.446,5475.138,5463.558
3262.48291015625,3288.987,3221.9536,3305.7952,3267.9753,3302.9077,3266.5208,3334.2786,3241.2698,3207.7646,3251.0708,3314.2368,3197.6543
1789.26123046875,1789.5502,1796.2814,1803.8962,1791.076,1786.2675,1787.9712,1771.3513,1769.9083,1773.3055,1774.4265,1768.247,1773.4646
2375.754150390625,2372.1575,2373.854,2374.4988,2370.7896,2367.8235,2374.901,2376.9548,2366.5518,2367.0771,2369.4536,2368.6501,2369.8306
3160.48046875,3156.5225,3158.2693,3159.8594,3155.8374,3151.059,3159.0078,3162.0542,3149.3,3149.224,3153.1177,3152.6077,3152.596
9877.478515625,10079.902,9936.295,9978.239,9913.972,10005.155,9928.4795,10002.938,9912.828,9914.518,10102.496,10021.745,9871.296
9652.4990234375,9739.089,9668.284,9686.903,9583.557,9740.661,9840.123,9867.992,9703.006,9671.613,9769.128,9752.551,9763.801
1052.275146484375,1052.3617,1051.9801,1053.9701,1049.4406,1055.1027,1051.1698,1054.2999,1049.2415,1047.8181,1052.4014,1051.4996,1052.5507
1780.275146484375,1780.3617,1779.9801,1781.9701,1777.4406,1783.1027,1779.1698,1782.2999,1777.2415,1775.8181,1780.4014,1779.4996,1780.5507
7507.0673828125,7485.2295,7451.4585,7596.315,7565.387,7405.5767,7624.991,7661.185,7440.182,7375.34,7367.477,7550.887,7413.7974
7860.0751953125,7789.888,7773.5522,7871.946,7837.069,7725.0913,7794.9087,7880.3535,7882.0645,7772.4766,7757.2393,7826.0825,7709.7676
27091.1171875,26812.697,27406.797,27126.836,26824.611,26949.604,27471.67,27226.645,27503.492,27139.1,26824.809,27380.986,27330.426
1744.099609375,1727.8381,1727.3319,1700.3281,1684.3341,1725.9924,1704.8523,1706.2668,1720.4839,1760.5061,1744.1061,1727.4836,1749.3442
1851.478759765625,1873.9099,1896.8655,1875.7667,1852.0687,1893.3242,1873.7776,1907.1882,1906.1617,1901.8175,1914.5812,1921.0513,1920.2767
2810.419921875,2793.281,2845.935,2763.262,2761.5542,2858.9617,2793.2522,2833.3188,2864.4075,2879.3376,2880.1272,2847.4346,2840.56
1248.9599609375,1262.7908,1274.285,1275.8773,1234.5446,1289.5565,1220.2053,1262.9409,1271.5627,1290.5128,1258.5857,1247.4684,1287.1129
7837.32080078125,7826.4106,7840.0366,7768.3535,7754.6753,7814.419,7951.319,7942.906,7922.1895,7993.089,8000.9805,7980.273,7928.7383
452.319580078125,448.3259,460.93674,443.1646,447.8157,457.89273,452.3077,458.67096,456.59442,464.08273,461.7133,461.89648,461.496
3020.25634765625,3027.8738,3037.3555,3021.6274,3006.856,2988.1372,3053.0815,3042.0876,3052.9001,3021.4697,3039.5747,3053.9648,3058.8875
569.4407958984375,558.1459,557.9055,562.29834,546.91675,547.7127,552.09076,560.0554,552.4088,570.48425,556.38477,561.24115,581.0113
1901.2822265625,1898.463,1898.8523,1905.4426,1870.353,1898.39,1882.8014,1895.144,1890.8315,1917.0623,1896.3511,1893.8779,1934.0321
1035.316650390625,1024.852,1027.0328,1019.7706,984.7412,1017.64526,1017.9061,1041.4182,1010.9538,1032.0302,1028.1914,1023.64594,1044.218
1810.8177490234375,1807.9644,1806.3009,1809.2949,1769.3126,1822.5814,1779.6184,1800.3221,1805.3094,1836.5054,1812.8181,1811.3944,1828.748
449.2489013671875,430.53348,424.8554,430.52307,407.80518,407.5604,415.54523,428.39606,419.38702,429.47897,415.70917,426.77832,446.10797
3169.465087890625,3130.6372,3169.2798,3088.259,3129.1235,3124.494,3162.5005,3106.8442,3168.218,3211.952,3176.41,3131.9075,3165.4038
962.7793579101562,988.5405,1027.7971,996.62396,976.3367,1035.1466,973.11096,1020.6669,1039.9386,1027.136,1031.9702,1020.77277,1034.8555
339.8043212890625,348.48096,351.05698,351.28204,340.3722,351.35944,344.89255,352.23657,354.07007,354.4814,352.48535,353.06085,356.73657
3798.20703125,3794.5415,3740.0999,3642.0718,3606.3523,3631.1494,3733.1304,3725.93,3736.607,3922.526,3856.6768,3752.8076,3873.459
2496.34765625,2468.4824,2483.4185,2465.4692,2432.6785,2449.0881,2467.0823,2473.571,2478.455,2508.0754,2493.7104,2477.3108,2514.387
957.4898071289062,955.0122,983.103,956.15564,916.33466,966.3363,956.9253,952.32117,973.1841,986.4854,961.1136,949.9419,964.8767
1408.4482421875,1425.1631,1450.6218,1419.5737,1412.7053,1437.8466,1436.3893,1427.8088,1457.4009,1452.4724,1460.0928,1448.9309,1452.1649
1129.4290771484375,1143.5776,1154.4304,1140.7819,1100.92,1120.8435,1141.9275,1134.353,1126.6606,1159.4155,1145.7627,1140.2345,1164.8477
779.936767578125,780.89764,774.4684,778.01984,762.3948,770.7548,763.2507,774.0745,771.7655,780.0406,767.70166,771.97186,784.2292
2240.892822265625,2288.382,2279.3813,2281.5044,2232.5007,2279.226,2273.9888,2258.6077,2265.22,2278.5474,2288.0146,2297.853,2290.5632
1112.267822265625,1151.8778,1115.4283,1127.186,1068.4509,1122.552,1075.0621,1102.2611,1108.5889,1138.6438,1095.0016,1099.8269,1111.0913
4281.42236328125,4189.51,4176.929,4156.1807,4133.5327,4114.016,4134.4277,4166.6025,4157.0654,4215.747,4178.8286,4199.1724,4249.8154
16996.505859375,16877.162,17200.205,17047.838,16903.506,16846.98,17084.816,17021.953,16638.213,16478.959,16609.664,16935.037,16558.623
21933.43359375,22099.477,22015.455,22070.988,21841.89,22084.639,21800.096,21835.43,21843.064,21859.36,21680.69,21812.607,21863.375
3300.1435546875,3271.323,3320.8762,3303.8823,3329.258,3278.3708,3332.562,3272.252,3315.7976,3276.9478,3253.9788,3287.3708,3314.842
6756.5087890625,6768.1973,6745.899,6756.4033,6700.1733,6742.529,6700.3994,6725.5693,6738.7363,6770.616,6726.2935,6716.381,6746.589
8635.9384765625,8682.842,8625.992,8617.461,8581.928,8602.7,8615.907,8620.856,8535.532,8584.743,8605.496,8571.197,8524.157
12378.525390625,12376.339,12356.971,12360.647,12356.66,12325.67,12360.946,12358.897,12293.24,12306.522,12330.912,12309.286,12284.049
5980.05615234375,5937.3877,5986.422,5980.351,5989.859,5932.096,6003.224,5967.9697,5970.757,5945.7544,5941.9243,5977.5684,5989.286
1929.958984375,1922.9829,1929.563,1918.4198,1927.1278,1909.0535,1924.6005,1912.5282,1908.0549,1910.2859,1917.3347,1905.4756,1908.9465
2637.588134765625,2444.7651,2590.439,2429.2585,2614.4783,2347.491,2664.7092,2423.3953,2592.6118,2548.724,2488.3828,2400.2366,2558.2578
4018.431396484375,4018.041,4018.3628,4018.9255,4018.4858,4017.338,4018.7412,4018.6704,4017.523,4016.8782,4017.3967,4018.031,4017.1982
2142.459716796875,2136.041,2140.5552,2138.5735,2137.5928,2129.8481,2136.6199,2132.9192,2133.532,2130.6184,2124.3215,2128.0989,2122.6963
6669.47119140625,6352.599,6296.8296,6075.754,6488.2886,6225.812,6275.188,6299.6006,6531.1875,6523.0195,6308.3726,6282.558,6405.049
601.8269653320312,546.00336,669.5775,603.63727,550.6019,507.94727,625.7504,659.8142,515.98413,575.87744,566.0427,676.4137,606.2731
4683.34716796875,4652.6333,4646.3145,4624.082,4664.4697,4640.119,4644.3115,4646.3623,4668.6655,4669.5635,4647.562,4644.317,4657.676
4389.41357421875,4390.2686,4384.909,4384.8403,4387.1094,4387.8135,4384.772,4388.912,4386.7573,4387.845,4388.543,4386.2505,4384.5103
2449.830078125,2417.8499,2435.556,2396.0933,2460.1006,2410.315,2425.7812,2508.2654,2446.7378,2405.4229,2484.9897,2466.549,2425.5967
3947.280029296875,3955.1807,3911.0754,3905.8787,4000.72,3911.9333,3945.39,3957.6863,3937.9858,3937.8245,3947.888,3915.9927,3970.9624
2208.23779296875,2228.8306,2180.6208,2170.673,2189.9182,2207.9395,2192.923,2231.6306,2202.5056,2263.206,2246.1484,2241.6682,2229.8943
2196.183837890625,2207.2305,2176.9617,2131.5442,2166.2576,2182.5142,2175.0303,2191.2043,2182.5906,2246.593,2223.1611,2204.4873,2204.4277
3276.40771484375,3203.4836,3279.1086,3265.0527,3371.9055,3185.6667,3302.2305,3256.4268,3213.8032,3123.2378,3168.614,3198.7134,3160.3174
1377.605224609375,1394.953,1358.7743,1349.0343,1360.0436,1379.1245,1365.7115,1396.0328,1375.1199,1421.8997,1412.0709,1400.9618,1394.9725
1332.15673828125,1337.8124,1313.0623,1277.85,1308.7256,1313.6731,1311.3793,1319.7786,1318.859,1368.0698,1352.0443,1324.5806,1334.7527
7857.1845703125,7824.2554,7826.8687,7796.908,7828.5947,7722.0244,7791.504,7803.514,7796.217,7700.12,7745.4277,7815.9297,7727.018
7606.60205078125,7545.008,7562.2563,7547.614,7588.886,7433.808,7539.643,7535.01,7516.276,7387.27,7454.3467,7545.5654,7429.0093
988.125244140625,984.3369,984.5565,984.7118,987.1958,984.4658,986.4475,989.2557,985.67883,984.3766,987.6274,984.979,984.5618
6570.77685546875,6509.4663,6561.321,6526.7847,6503.932,6448.799,6546.5693,6533.03,6458.7227,6458.7656,6503.354,6485.309,6438.5566
830.1975708007812,831.67944,821.8147,819.44415,829.69916,827.5492,826.4235,834.40656,825.8425,838.4353,834.03204,837.81744,832.7963
8657.8251953125,8681.235,8587.839,8523.545,8556.138,8659.787,8630.1,8729.994,8623.959,8755.428,8707.433,8793.742,8684.083
11538.865234375,11384.394,11533.607,11434.604,11413.414,11336.545,11481.078,11515.487,11363.012,11282.914,11396.671,11376.655,11290.871
3197.654541015625,3200.147,3196.1719,3194.9324,3174.5303,3201.5562,3170.4434,3178.76,3183.1794,3205.1355,3199.306,3194.628,3188.045
1332.8067626953125,1350.3297,1314.3787,1306.1995,1316.7621,1334.752,1321.0541,1351.237,1330.1888,1375.0946,1365.6552,1355.7599,1349.5405
1286.8790283203125,1292.5715,1267.8575,1234.1068,1264.6766,1268.4967,1266.481,1274.1278,1273.2502,1321.224,1305.7379,1278.572,1289.144
5431.3125,5414.7593,5427.1895,5424.079,5427.794,5403.344,5426.2295,5428.054,5410.2695,5405.4033,5415.7095,5416.1587,5405.962
1785.2601318359375,1769.94,1754.2488,1744.6554,1744.088,1734.397,1763.4639,1754.8927,1754.7028,1790.9292,1773.0831,1758.4784,1757.6932
2147.38134765625,2153.6267,2147.5273,2147.622,2135.7974,2148.7083,2148.4436,2144.222,2148.1853,2153.5198,2145.2427,2150.6484,2151.4126
344.8974914550781,342.07288,343.20828,343.15918,345.75027,339.99106,344.4197,342.36096,340.08743,339.73038,337.94498,340.0988,339.2927
569.64599609375,566.6959,568.35345,567.3713,569.9871,564.8633,569.7252,567.3417,566.863,563.91705,565.7516,566.32697,561.8105
882.292236328125,1117.3662,1079.5046,1115.2996,1020.3349,781.7006,669.01935,617.1907,732.4985,699.21985,667.2216,747.92224,475.13403
10750.470703125,10636.442,10798.635,10714.852,10642.43,10552.406,10736.905,10555.688,10561.984,10456.327,10496.394,10511.672,10511.466
2197.173095703125,2200.4727,2204.2957,2206.7654,2195.0315,2207.2434,2200.8425,2199.9211,2196.0454,2197.5757,2190.7527,2201.6694,2212.1104
7833.65625,7831.367,7832.7485,7834.775,7834.9365,7824.09,7836.154,7837.619,7816.6914,7810.0195,7823.6313,7827.5503,7815.276
9942.263671875,9938.654,9967.89,9956.329,9889.231,9879.803,10018.698,10007.745,9893.053,9912.996,9914.381,9968.927,9943.073
15496.837890625,15406.391,15351.502,15646.434,15555.897,15342.78,15617.036,15740.928,15512.467,15351.789,15303.39,15655.372,15371.668
8610.26171875,8521.411,8457.934,8626.063,8306.352,8677.154,8536.609,8990.957,8479.62,8409.262,8599.844,8587.824,8384.506
18841.1015625,18570.293,18682.033,18805.047,18446.893,18731.908,18710.215,19204.045,18523.16,18389.484,18691.986,18653.697,18396.912
1799.32958984375,1794.1259,1798.529,1783.9678,1854.4741,1789.4224,1806.4253,1785.8486,1794.2903,1786.7831,1770.2875,1766.6912,1727.8893
1569.2723388671875,1555.5223,1492.2876,1565.3832,1489.3396,1576.2325,1550.1383,1571.4668,1533.7322,1593.6006,1575.181,1533.331,1543.2781
3038.693115234375,2962.3496,3014.735,2988.3994,3004.9417,2790.538,2946.351,2810.1484,2848.3726,2776.7104,2846.749,2905.749,2794.5786
3287.076171875,3096.5693,3310.3076,3314.0076,3291.1309,3058.877,3269.9182,3154.1377,3170.1187,3113.1865,3050.656,3256.928,3267.7693
5903.9443359375,5491.869,5895.5605,5911.411,5649.704,5321.4556,5754.4663,5584.881,5681.4785,5364.0693,5187.904,5712.289,5323.3594
3598.095458984375,3446.774,3663.877,3608.7688,3450.965,3365.0505,3359.1204,3347.6235,3433.0164,3369.0566,3272.8054,3428.3257,3432.6646
3760.445068359375,3445.4543,3680.008,3694.1128,3512.842,3401.321,3572.6648,3516.6929,3539.3901,3336.2458,3333.2285,3589.3657,3440.0771
1981.6651611328125,1857.2944,1930.0779,1921.5688,1945.7065,1806.302,1874.7625,1823.5983,1830.4327,1839.8488,1840.9786,1874.9309,1921.485
2693.7958984375,2545.525,2635.9795,2555.837,2496.1584,2425.9536,2458.7373,2446.0486,2436.2166,2477.0618,2495.6619,2482.3347,2579.7393
3218.68212890625,2935.8188,3148.626,3102.1848,3135.4734,2865.799,3189.7837,2943.3257,3007.3735,2919.2588,2844.0225,3063.731,3079.7046
5679.47216796875,5316.8804,5697.1016,5618.664,5470.8467,5247.7993,5433.8623,5300.609,5411.882,5389.4062,5214.9946,5477.0845,5567.459
3275.083984375,3003.8655,3239.8914,3197.809,3165.743,2979.3428,3129.352,3038.4006,3104.4155,2970.5964,2970.5461,3141.313,3134.774
3345.2265625,3223.4697,3403.0273,3238.3713,3303.57,3100.5244,3194.389,3188.1328,3199.63,3011.6382,3066.8235,3142.3862,3021.1245
2582.84033203125,2426.7104,2571.871,2540.0605,2448.0632,2396.6692,2450.5852,2386.2385,2447.128,2466.586,2349.9746,2445.4285,2529.3428
3556.810302734375,3392.651,3605.1816,3641.7654,3553.1072,3392.4846,3438.9414,3382.988,3413.3142,3361.6042,3249.415,3472.9092,3452.8115
2330.7275390625,2222.0168,2371.0808,2363.2195,2288.2866,2233.14,2283.601,2206.5693,2240.558,2250.3137,2162.8032,2232.99,2315.5657
6373.5615234375,6020.9624,6249.6772,6157.1797,6266.784,5858.2725,6140.669,6047.952,5984.202,5970.3135,6035.3677,6147.889,6343.9565
5041.9072265625,4544.1577,4912.169,4767.348,4585.622,4444.633,4608.9673,4534.031,4577.4795,4456.8804,4519.522,4669.211,4764.4336
4960.7783203125,4530.7383,4933.819,4881.8457,4725.8774,4625.286,4795.4976,4637.81,4721.2983,4434.607,4538.0977,4798.8374,4778.528
4389.0966796875,4022.8313,4254.9233,4247.2383,4249.918,3941.8345,4239.1797,4019.2292,4090.9077,3909.5828,3949.6587,4087.002,4079.981
2113.95556640625,2053.7373,2133.7383,2092.1626,2114.4402,1932.6514,2009.4773,1787.8414,1959.2924,1779.8584,1808.9114,1744.8933,1698.2388
8869.16015625,8059.75,8142.715,8015.2188,8312.259,7519.085,8167.68,7718.419,7787.967,7894.959,7668.8896,7993.176,8261.779
5682.203125,5177.2563,5498.88,5412.9243,5283.974,5017.038,5303.112,5302.4175,5196.5244,4869.945,4993.683,5196.8013,5034.938
3036.489013671875,2845.6492,2968.2026,2875.5344,2797.5906,2723.8557,2781.7134,2770.718,2731.0393,2770.0781,2783.425,2781.9087,2913.92
4329.4482421875,3974.8887,4271.601,4125.6226,3822.0984,3859.6292,3997.6614,3985.6,3906.7266,3863.9453,3807.5789,3918.5247,3930.42
3434.14892578125,3501.1743,3491.347,3601.371,3516.4502,3352.8853,3555.5183,3486.991,3490.8079,3316.7256,3320.3845,3447.4854,3325.7578
2441.402587890625,2240.5286,2365.238,2351.546,2302.887,2176.4575,2235.0122,2216.724,2210.5857,2143.1794,2155.9678,2247.3567,2228.8594
2274.642822265625,2066.9624,2104.4578,2006.0479,2151.8003,1886.1371,2084.4934,1962.8939,1966.6237,2039.1075,2010.8477,2036.0217,2212.1726
6327.291015625,5849.041,6302.0063,6187.602,6033.4043,5807.062,6078.004,5975.9194,5886.7236,5639.5347,5729.342,5927.3564,5778.406
2409.10498046875,2272.4868,2341.33,2315.281,2260.5168,2180.2673,2229.8618,2219.077,2212.2173,2267.349,2244.7456,2295.4028,2303.986
4724.943359375,4231.691,4661.611,4452.1226,4615.972,4136.772,4645.329,4206.5874,4288.1353,4177.708,4097.3633,4321.077,4270.4146
2489.085205078125,2377.801,2467.5037,2425.824,2339.9526,2301.9187,2410.1743,2398.9905,2412.3398,2357.5952,2370.0552,2427.7617,2408.918
3905.510986328125,3956.144,3931.8535,3907.0225,4017.6328,3817.7969,3967.8171,3836.9587,3700.51,3818.5637,3696.0996,3790.323,3808.4475
3917.38427734375,3580.4954,3884.5178,3891.1162,3651.6812,3596.358,3767.4832,3653.206,3629.0586,3440.9226,3503.2534,3721.2559,3509.1892
8996.4521484375,8478.083,9012.03,9044.121,8936.309,8426.996,8961.452,8671.121,8588.323,8486.02,8421.776,8833.886,8850.337
2670.55126953125,2433.1743,2577.0396,2594.8147,2538.973,2416.182,2530.248,2378.677,2474.9353,2468.2346,2346.833,2468.21,2559.234
10136.2001953125,9306.107,9767.638,9766.29,9809.979,9111.963,9628.3,9389.428,9433.594,9145.404,9220.901,9546.468,9520.326
3669.40673828125,3465.6301,3683.8564,3668.0005,3649.0164,3437.2678,3584.8457,3497.4321,3547.6501,3402.4568,3399.4604,3524.4458,3480.4614
6336.66650390625,5863.7275,6252.3604,6218.7485,6052.8447,5775.9697,5988.5425,5900.546,5973.2793,5743.705,5852.0015,6056.6406,5929.772
3257.810302734375,2998.8767,3147.1458,3133.574,2992.5903,2973.5383,3048.2734,3032.2212,3002.6697,2962.8328,2930.1577,3080.811,3052.966
2742.949462890625,2582.451,2657.377,2608.1775,2617.599,2431.009,2617.2485,2656.9106,2574.9727,2511.5415,2552.5608,2639.6958,2607.573
3898.396728515625,3552.1616,3736.4958,3701.1064,3837.2395,3478.089,3732.317,3699.5737,3729.028,3589.385,3577.1357,3665.52,3766.439
4277.5615234375,4008.8403,4245.852,4218.713,4175.5864,3981.7588,4221.913,4121.4365,4119.2056,3982.6692,4014.4968,4183.472,4084.5786
1818.043701171875,1572.4277,1738.2266,1713.1708,1568.2222,1576.3896,1670.5599,1678.353,1685.0837,1512.9507,1569.3455,1673.8872,1616.1979
1662.4483642578125,1579.7515,1654.0527,1623.8453,1555.0438,1602.477,1585.3365,1561.8059,1592.3702,1611.3796,1598.1339,1622.8136,1654.7245
2185.418212890625,2036.781,2171.8242,2147.158,2105.3403,2042.1063,2038.4019,1998.3042,2030.9329,1977.5623,2008.194,2035.2687,2054.915
4255.92138671875,3921.8088,4080.358,4057.3127,4006.6736,3800.6455,3952.8318,3896.1726,3959.1113,3832.2522,3835.2424,3979.645,4006.9387
6546.16162109375,6055.268,6331.0684,6305.785,6411.11,5930.455,6210.3115,6045.7637,6125.79,6011.0874,6100.9287,6211.5366,6470.31
5578.9375,5184.448,5399.3115,5376.743,5281.2837,5018.021,5193.3247,5210.483,5237.782,4951.7803,5064.5166,5283.0376,5094.9824
1435.4886474609375,1298.8685,1354.8387,1362.9739,1355.8186,1287.5167,1328.9734,1331.0294,1302.9082,1249.701,1248.6493,1290.8652,1269.3817
3805.31982421875,3498.3928,3723.3323,3672.913,3591.8665,3437.186,3583.5652,3576.4575,3607.6382,3391.2998,3477.154,3606.4648,3516.4094
3670.197021484375,3409.6797,3602.4014,3611.3274,3520.9348,3418.3384,3413.3716,3378.77,3490.74,3333.6226,3260.0762,3411.246,3431.611
3291.96044921875,3284.317,3292.7554,3294.8176,3326.6719,3225.5708,3241.9224,3246.8823,3172.0205,3240.8826,3306.5098,3331.1104,3273.2231
6281.15380859375,5802.2964,6156.374,6074.4653,5969.449,5689.8433,5789.689,5645.2534,5816.41,5684.298,5605.9326,5803.4316,5835.4785
3896.72021484375,3604.2903,3908.3708,3826.9226,3749.4639,3568.2622,3749.69,3625.3298,3711.5637,3638.397,3590.5022,3758.9912,3831.809
4547.46728515625,4270.4365,4534.6084,4492.8135,4244.249,4201.965,4352.269,4244.458,4315.2705,4129.0576,4204.5264,4283.828,4323.7495
3361.87646484375,3218.7344,3328.79,3324.6584,3321.9104,3131.1377,3304.7175,3172.5364,3196.5264,3039.137,3119.751,3160.3745,3073.086
5920.76953125,5665.777,5980.5205,6059.6504,5873.971,5558.1445,6131.8516,5934.642,5787.2314,5772.04,5659.975,6033.398,6066.4775
1817.095703125,1679.5139,1755.7426,1730.286,1679.6812,1640.2828,1654.7556,1632.7266,1650.9094,1648.832,1597.5088,1664.8901,1694.3069
1305.8990478515625,1250.3845,1293.1447,1291.4973,1290.4003,1216.1783,1283.8046,1232.489,1241.7012,1180.4913,1211.8368,1227.7559,1193.6472
1910.52587890625,1804.6309,1840.7565,1856.1986,1857.5135,1753.1116,1807.135,1808.5997,1797.8807,1738.032,1759.716,1822.4268,1781.967
3503.9658203125,3352.1423,3491.9797,3527.7246,3421.1094,3324.5972,3383.9336,3352.3186,3387.0872,3332.959,3251.3977,3441.256,3332.7937
2706.75244140625,2591.3113,2679.8806,2676.7324,2674.316,2520.8682,2660.616,2554.3464,2573.5312,2446.8792,2511.5823,2544.4192,2474.1833
4681.72314453125,4365.706,4670.529,4711.0146,4510.64,4320.2485,4623.845,4429.753,4441.4023,4234.7036,4216.659,4457.1562,4276.7803
3664.850341796875,3465.7424,3615.8442,3590.135,3546.895,3429.3796,3512.0425,3420.2866,3438.554,3425.296,3404.7766,3486.7766,3557.7302
6214.564453125,5694.0957,5977.2617,5945.9253,5882.0728,5484.153,5929.6875,5845.1553,5867.91,5590.824,5560.248,5912.0005,5806.3276
4160.93896484375,3854.608,4000.0674,4010.18,3995.6792,3771.464,3888.599,3790.626,3838.9294,3706.2974,3756.0886,3775.9902,3818.6934
